{
   "metadata": {
      "stationid": "p158",
      "eventtype": "unsupervised",
      "modelid": "unsupervised-1.1",
      "sourcefile": "WNAM_Raw_M_DetrendNeuTimeSeries_comb_20230613.tar.gz",
      "component": "e"
   },
   "detections": [
      {
         "id": 0,
         "startdate": 2014.1877,
         "enddate": 2014.1877,
         "confidence": 0.7035370836349628
      },
      {
         "id": 5,
         "startdate": 2022.0397,
         "enddate": 2022.0397,
         "confidence": 0.6533113343819315
      },
      {
         "id": 6,
         "startdate": 2010.1247,
         "enddate": 2010.1247,
         "confidence": 0.6526416870345846
      }
   ]
}